<config>
    <api>
        <resources>
            <vesmegamenu translate="title" module="ves_megamenu">
                <title>Ves Megamenu Resource</title>
                <model>ves_megamenu/api</model>
                <acl>vesmegamenu</acl>
                <methods>
                     <list translate="title" module="ves_megamenu">
                        <title>View All</title>
                        <method>items</method> <!-- we have another method name inside our resource -->
                        <acl>vesmegamenu/info</acl>
                     </list>
                     <create translate="title" module="ves_megamenu">
                        <title>Create</title>
                        <acl>vesmegamenu/create</acl>
                     </create>
                     <info translate="title" module="ves_megamenu">
                        <title>Get Info</title>
                        <acl>vesmegamenu/info</acl>
                     </info>
                     <update translate="title" module="ves_megamenu">
                        <title>Update</title>
                        <acl>vesmegamenu/update</acl>
                     </update>
                     <delete translate="title" module="ves_megamenu">
                        <title>Delete</title>
                        <acl>vesmegamenu/delete</acl>
                     </delete>
                </methods>
            </vesmegamenu>
        </resources>

        <v2>
            <resources_function_prefix>
                <vesmegamenu>megamenuMegamenu</vesmegamenu>
            </resources_function_prefix>
        </v2>
        <acl>
            <resources>
               <vesmegamenu translate="title" module="ves_megamenu">
                    <title>Ves Megamenu Resource</title>
                    <sort_order>3</sort_order>
                    <create translate="title" module="customer">
                        <title>Create</title>
                     </create>
                     <update translate="title" module="customer">
                        <title>Update</title>
                     </update>
                     <delete translate="title" module="customer">
                        <title>Delete</title>
                     </delete>
                     <info translate="title" module="customer">
                        <title>Retrieve megamenu info</title>
                     </info>
                </vesmegamenu>
            </resources>
        </acl>
    </api>
</config>