<?xml version="1.0"?>
<config>
    <tabs>
        <ves translate="label" module="ves_megamenu">
            <label>Venus Extensions</label>
            <sort_order>210</sort_order>
        </ves>
    </tabs>
	<sections>
        <ves_megamenu>
            <label>Ves Megamenu</label>
            <tab>ves</tab>
            <frontend_type>text</frontend_type>
            <sort_order>10</sort_order>
            <show_in_default>1</show_in_default>
            <show_in_website>1</show_in_website>
            <show_in_store>1</show_in_store>
            <groups>
				
            	<ves_megamenu translate="label">
					
                    <label>General Setting</label>
                    <frontend_type>text</frontend_type>
                    <sort_order>1000</sort_order>
                    <show_in_default>1</show_in_default>
                    <show_in_website>1</show_in_website>
                    <show_in_store>1</show_in_store>
                    <fields>     
						<last_update translate="label">
							<label>Current Update Time</label>
							<frontend_type>label</frontend_type>
							<frontend_model>ves_megamenu/system_config_form_field_notification</frontend_model>
							<sort_order>3</sort_order>
							<show_in_default>1</show_in_default>
							<show_in_website>0</show_in_website>
							<show_in_store>0</show_in_store>
						</last_update>
						<show translate="label" module="core">
							<label>Enabled</label>
							<sort_order>10</sort_order>
							<frontend_type>select</frontend_type>
							<source_model>adminhtml/system_config_source_yesno</source_model>
							<backend_model>ves_megamenu/system_config_backend_megamenu</backend_model>
							<show_in_default>1</show_in_default>
							<show_in_website>1</show_in_website>
							<show_in_store>1</show_in_store>
						</show>
						<params translate="label" module="core">
							<label>Params</label>
                            <frontend_type>textarea</frontend_type>
                            <backend_model>ves_megamenu/system_config_backend_megamenu</backend_model>
                            <sort_order>25</sort_order>
                            <show_in_default>1</show_in_default>
                            <show_in_website>1</show_in_website>
                            <show_in_store>1</show_in_store>
						</params>
						<enable_offcanvas translate="label" module="core">
                            <label>Enabled Off Canvas Menu</label>
                            <sort_order>30</sort_order>
                            <frontend_type>select</frontend_type>
                            <source_model>adminhtml/system_config_source_yesno</source_model>
                            <backend_model>ves_megamenu/system_config_backend_megamenu</backend_model>
                            <show_in_default>1</show_in_default>
                            <show_in_website>1</show_in_website>
                            <show_in_store>1</show_in_store>
                        </enable_offcanvas>
                        <navigation_tab translate="label" module="core">
							<label>Navigation Tab Label</label>
                            <frontend_type>text</frontend_type>
                            <sort_order>32</sort_order>
                            <show_in_default>1</show_in_default>
                            <show_in_website>1</show_in_website>
                            <show_in_store>1</show_in_store>
                            <depends>
                                <enable_offcanvas>1</enable_offcanvas>
                            </depends>
						</navigation_tab>
                        <navigation_title translate="label" module="core">
							<label>Navigation Title</label>
                            <frontend_type>text</frontend_type>
                            <sort_order>35</sort_order>
                            <show_in_default>1</show_in_default>
                            <show_in_website>1</show_in_website>
                            <show_in_store>1</show_in_store>
                            <depends>
                                <enable_offcanvas>1</enable_offcanvas>
                            </depends>
						</navigation_title>
						<enable_click_parent translate="label" module="core">
							<label>Enabled Clickable Parent Menu Item</label>
							<sort_order>40</sort_order>
							<frontend_type>select</frontend_type>
							<source_model>adminhtml/system_config_source_yesno</source_model>
							<backend_model>ves_megamenu/system_config_backend_megamenu</backend_model>
							<show_in_default>1</show_in_default>
							<show_in_website>1</show_in_website>
							<show_in_store>1</show_in_store>
							<depends>
                                <enable_offcanvas>1</enable_offcanvas>
                            </depends>
						</enable_click_parent>
						<enable_sidebar_logo translate="label" module="core">
							<label>Enabled Sidebar Logo</label>
							<comment>Enable/disable site logo on sidebar menu when view on mobile</comment>
							<sort_order>50</sort_order>
							<frontend_type>select</frontend_type>
							<source_model>adminhtml/system_config_source_yesno</source_model>
							<backend_model>ves_megamenu/system_config_backend_megamenu</backend_model>
							<show_in_default>1</show_in_default>
							<show_in_website>1</show_in_website>
							<show_in_store>1</show_in_store>
						</enable_sidebar_logo>
						<enable_sidebar_search translate="label" module="core">
							<label>Enabled Sidebar Search Box</label>
							<comment>Enable/disable Search Box on sidebar menu when view on mobile</comment>
							<sort_order>60</sort_order>
							<frontend_type>select</frontend_type>
							<source_model>adminhtml/system_config_source_yesno</source_model>
							<backend_model>ves_megamenu/system_config_backend_megamenu</backend_model>
							<show_in_default>1</show_in_default>
							<show_in_website>1</show_in_website>
							<show_in_store>1</show_in_store>
						</enable_sidebar_search>
						<enable_sidebar_copyright translate="label" module="core">
							<label>Enabled Sidebar Copyright</label>
							<comment>Enable/disable Copyright on sidebar menu when view on mobile</comment>
							<sort_order>70</sort_order>
							<frontend_type>select</frontend_type>
							<source_model>adminhtml/system_config_source_yesno</source_model>
							<backend_model>ves_megamenu/system_config_backend_megamenu</backend_model>
							<show_in_default>1</show_in_default>
							<show_in_website>1</show_in_website>
							<show_in_store>1</show_in_store>
						</enable_sidebar_copyright>
						<enable_sidebar_sosial translate="label" module="core">
							<label>Enabled Sidebar Social</label>
							<comment>Enable/disable Social Links on sidebar menu when view on mobile</comment>
							<sort_order>80</sort_order>
							<frontend_type>select</frontend_type>
							<source_model>adminhtml/system_config_source_yesno</source_model>
							<backend_model>ves_megamenu/system_config_backend_megamenu</backend_model>
							<show_in_default>1</show_in_default>
							<show_in_website>1</show_in_website>
							<show_in_store>1</show_in_store>
						</enable_sidebar_sosial>
						<facebook_link translate="label" module="core">
							<label>Facebook Link</label>
                            <frontend_type>text</frontend_type>
                            <backend_model>ves_megamenu/system_config_backend_megamenu</backend_model>
                            <sort_order>90</sort_order>
                            <show_in_default>1</show_in_default>
                            <show_in_website>1</show_in_website>
                            <show_in_store>1</show_in_store>
						</facebook_link>
						<twitter_link translate="label" module="core">
							<label>Twitter Link</label>
                            <frontend_type>text</frontend_type>
                            <backend_model>ves_megamenu/system_config_backend_megamenu</backend_model>
                            <sort_order>100</sort_order>
                            <show_in_default>1</show_in_default>
                            <show_in_website>1</show_in_website>
                            <show_in_store>1</show_in_store>
						</twitter_link>
						<google_link translate="label" module="core">
							<label>Google Plus Link</label>
                            <frontend_type>text</frontend_type>
                            <backend_model>ves_megamenu/system_config_backend_megamenu</backend_model>
                            <sort_order>110</sort_order>
                            <show_in_default>1</show_in_default>
                            <show_in_website>1</show_in_website>
                            <show_in_store>1</show_in_store>
						</google_link>
						<instagram_link translate="label" module="core">
							<label>Instagram Link</label>
                            <frontend_type>text</frontend_type>
                            <backend_model>ves_megamenu/system_config_backend_megamenu</backend_model>
                            <sort_order>120</sort_order>
                            <show_in_default>1</show_in_default>
                            <show_in_website>1</show_in_website>
                            <show_in_store>1</show_in_store>
						</instagram_link>
						<youtube_link translate="label" module="core">
							<label>Youtube Link</label>
                            <frontend_type>text</frontend_type>
                            <backend_model>ves_megamenu/system_config_backend_megamenu</backend_model>
                            <sort_order>130</sort_order>
                            <show_in_default>1</show_in_default>
                            <show_in_website>1</show_in_website>
                            <show_in_store>1</show_in_store>
						</youtube_link>
						<pinterest_link translate="label" module="core">
							<label>Pinterest Link</label>
                            <frontend_type>text</frontend_type>
                            <backend_model>ves_megamenu/system_config_backend_megamenu</backend_model>
                            <sort_order>140</sort_order>
                            <show_in_default>1</show_in_default>
                            <show_in_website>1</show_in_website>
                            <show_in_store>1</show_in_store>
						</pinterest_link>
						<dribbble_link translate="label" module="core">
							<label>Dribbble Link</label>
                            <frontend_type>text</frontend_type>
                            <backend_model>ves_megamenu/system_config_backend_megamenu</backend_model>
                            <sort_order>150</sort_order>
                            <show_in_default>1</show_in_default>
                            <show_in_website>1</show_in_website>
                            <show_in_store>1</show_in_store>
						</dribbble_link>

						<enable_cache translate="label" module="core">
							<label>Enabled Cache</label>
							<sort_order>250</sort_order>
							<frontend_type>select</frontend_type>
							<source_model>adminhtml/system_config_source_yesno</source_model>
							<backend_model>ves_megamenu/system_config_backend_megamenu</backend_model>
							<show_in_default>1</show_in_default>
							<show_in_website>1</show_in_website>
							<show_in_store>1</show_in_store>
						</enable_cache>
					</fields>
				</ves_megamenu>

         		  <advanded_parameter>
					<label>Information - Support</label>
                    <frontend_type>text</frontend_type>
                    <sort_order>6001</sort_order>
                    <show_in_default>1</show_in_default>
                    <show_in_website>1</show_in_website>
                    <show_in_store>1</show_in_store>
                    <fields> 
						<module_information translate="label">
							<label>Set Module Visable On Pages, Position</label>
							<frontend_type>label</frontend_type>
							<frontend_model>ves_megamenu/system_config_form_field_information</frontend_model>
							<sort_order>40</sort_order>
							<show_in_default>1</show_in_default>
							<show_in_website>0</show_in_website>
							<show_in_store>0</show_in_store>
						</module_information>                        
					</fields>
				</advanded_parameter>	
            </groups>
        </ves_megamenu>
    </sections>    
</config>
