<?xml version="1.0"?>
<config>
    <tabs>
        <ves translate="label" module="ves_tempcp">
            <label>Venus Extensions</label>
            <sort_order>210</sort_order>
        </ves>
    </tabs>
    <sections>
    	<ves_tempcp>
            <label>Ves Tempcp</label>
            <tab>ves</tab>
            <frontend_type>text</frontend_type>
            <sort_order>10</sort_order>
            <show_in_default>1</show_in_default>
            <show_in_website>1</show_in_website>
            <show_in_store>1</show_in_store>
            <groups>
				
            	<ves_tempcp translate="label">
					
                    <label>General Setting</label>
                    <frontend_type>text</frontend_type>
                    <sort_order>1000</sort_order>
                    <show_in_default>1</show_in_default>
                    <show_in_website>1</show_in_website>
                    <show_in_store>1</show_in_store>
                    <fields>     
						<last_update translate="label">
							<label>Current Update Time</label>
							<frontend_type>label</frontend_type>
							<frontend_model>ves_tempcp/system_config_form_field_notification</frontend_model>
							<sort_order>3</sort_order>
							<show_in_default>1</show_in_default>
							<show_in_website>0</show_in_website>
							<show_in_store>0</show_in_store>
						</last_update>
						<show translate="label" module="core">
							<label>Enabled</label>
							<sort_order>10</sort_order>
							<frontend_type>select</frontend_type>
							<source_model>adminhtml/system_config_source_yesno</source_model>
							<show_in_default>1</show_in_default>
							<show_in_website>1</show_in_website>
							<show_in_store>1</show_in_store>
						</show>
                        <enable_jquery translate="label" module="core">
                            <label>Enabled jQuery JS</label>
                            <sort_order>20</sort_order>
                            <frontend_type>select</frontend_type>
                            <source_model>adminhtml/system_config_source_yesno</source_model>
                            <show_in_default>1</show_in_default>
                            <show_in_website>1</show_in_website>
                            <show_in_store>1</show_in_store>
                        </enable_jquery>
                        <enable_jquery_ui translate="label" module="core">
                            <label>Enabled jQuery UI</label>
                            <sort_order>30</sort_order>
                            <frontend_type>select</frontend_type>
                            <source_model>adminhtml/system_config_source_yesno</source_model>
                            <show_in_default>1</show_in_default>
                            <show_in_website>1</show_in_website>
                            <show_in_store>1</show_in_store>
                        </enable_jquery_ui>
                        <enable_jquery_cookie translate="label" module="core">
                            <label>Enabled jQuery Cookie</label>
                            <sort_order>40</sort_order>
                            <frontend_type>select</frontend_type>
                            <source_model>adminhtml/system_config_source_yesno</source_model>
                            <show_in_default>1</show_in_default>
                            <show_in_website>1</show_in_website>
                            <show_in_store>1</show_in_store>
                        </enable_jquery_cookie>
                        <enable_bootstrap translate="label" module="core">
                            <label>Enabled Bootstrap Js</label>
                            <sort_order>50</sort_order>
                            <frontend_type>select</frontend_type>
                            <source_model>adminhtml/system_config_source_yesno</source_model>
                            <show_in_default>1</show_in_default>
                            <show_in_website>1</show_in_website>
                            <show_in_store>1</show_in_store>
                        </enable_bootstrap>
                        <disable_other_jquery translate="label" module="core">
                            <label>Disabled Other jQuery Version</label>
                            <sort_order>50</sort_order>
                            <frontend_type>select</frontend_type>
                            <source_model>adminhtml/system_config_source_yesno</source_model>
                            <show_in_default>1</show_in_default>
                            <show_in_website>1</show_in_website>
                            <show_in_store>1</show_in_store>
                        </disable_other_jquery>
                        <allow_save_editor translate="label" module="core">
                            <label>Allow Save Live Editor Profile On Frontend</label>
                            <sort_order>200</sort_order>
                            <frontend_type>select</frontend_type>
                            <source_model>adminhtml/system_config_source_yesno</source_model>
                            <show_in_default>1</show_in_default>
                            <show_in_website>1</show_in_website>
                            <show_in_store>1</show_in_store>
                        </allow_save_editor>
					</fields>
				</ves_tempcp>
                <import_export translate="label">
                    
                    <label>Import and Export Setting</label>
                    <frontend_type>text</frontend_type>
                    <sort_order>2000</sort_order>
                    <show_in_default>1</show_in_default>
                    <show_in_website>1</show_in_website>
                    <show_in_store>1</show_in_store>
                    <fields>     
                       <heading_import translate="label">
                            <label>Import Settings</label>
                            <frontend_model>adminhtml/system_config_form_field_heading</frontend_model>
                            <sort_order>0</sort_order>
                            <show_in_default>1</show_in_default>
                            <show_in_website>1</show_in_website>
                            <show_in_store>1</show_in_store>
                        </heading_import>

                        <allow_replace_current_cms_block translate="label" module="core">
                            <label>Replace Exists CMS Blocks</label>
                            <sort_order>10</sort_order>
                            <frontend_type>select</frontend_type>
                            <source_model>adminhtml/system_config_source_yesno</source_model>
                            <show_in_default>1</show_in_default>
                            <show_in_website>1</show_in_website>
                            <show_in_store>1</show_in_store>
                        </allow_replace_current_cms_block>

                        <allow_replace_current_cms_page translate="label" module="core">
                            <label>Replace Exists CMS Pages</label>
                            <sort_order>15</sort_order>
                            <frontend_type>select</frontend_type>
                            <source_model>adminhtml/system_config_source_yesno</source_model>
                            <show_in_default>1</show_in_default>
                            <show_in_website>1</show_in_website>
                            <show_in_store>1</show_in_store>
                        </allow_replace_current_cms_page>

                        <heading_export translate="label">
                            <label>Export Settings</label>
                            <frontend_model>adminhtml/system_config_form_field_heading</frontend_model>
                            <sort_order>100</sort_order>
                            <show_in_default>1</show_in_default>
                            <show_in_website>1</show_in_website>
                            <show_in_store>1</show_in_store>
                        </heading_export>
                    </fields>
                </import_export>
            </groups>
        </ves_tempcp>
    </sections>    
</config>
